Screen Name,Tweet,Liked,Favourite count,Retweet count,Description,Location,Followers,Tweet ID,Date Created
Tworayo,PDP mocks Buhari over controversial Martin Luther King award https://t.co/PHhmokmyKB,0,0,0,Long story,,91,979440802844700672,2018-03-29 19:30:59
QueenDoosh27,Full Text of Buhari‚Äôs Easter Message To Christians https://t.co/KUsJTWuQNt,1,0,0,I am a Blogger and Chattered Librarian,"Makurdi, Nigeria",281,979440758636789760,2018-03-29 19:30:48
duisaf,Pulse Opinion: Tinubu‚Äôs event was simply the launch of Buhari‚Äôs re-election¬†campaign https://t.co/xzJ2h4x3Z6 https://t.co/x8JgqN6DPK,0,1,0,While getting spiced with the latest trendies around the world.. Note that it's a wise choice advertising with us!,Nigeria,40078,979440729289146368,2018-03-29 19:30:41
JoyAkanonu,Here‚Äôs President Buhari‚Äôs 2018 Easter message to the¬†Nations https://t.co/iSI5rj5Sdw https://t.co/DAhRqfU5oj,0,0,0,"Mum, gospel musician, writer, actor, blogger, motivational speaker, professional make up artist, caterer, simple and easy going but principled!",,910,979440708909232128,2018-03-29 19:30:36
BabaGrumpy,"After Zaki Biam, Gen Danjuma then Minister of Defense was interviewed. 

@Olusegunverdict was not bold enough to quote General Danjuma's words. He was quite happy to blame it all on Buhari as usual. Surefire sign Buhari is not a dictator. Segun is more afraid of Gen Danjuma",1,0,0,Arsenal fan. Grumpy Old Man. Dad. Professional. Aspirational Blogger. #OneArseneWenger,,379,979440679762976773,2018-03-29 19:30:29
paddymie,@surh__says This is the head Buhari needz,0,0,0,Solar installation| Inverter installation|CCTV installation| Motorize Glass Doors| Electric Fence| Car Tracking|    08088164606,Benin city,157,979440636666531842,2018-03-29 19:30:19
Haysmart,"Buhari's Visit To Lagos: Declaring Public Holiday Wasteful, Unnecessary - ADP https://t.co/ytjNFATuHG",1,0,0,"Quantity Surveyor, 
Blogger, 
Farceur & 
A dream chaser",Next Bus stop ,1414,979440618366750721,2018-03-29 19:30:15
Haysmart,Police Say All Routes Are Open To Traffic In Lagos Despite Buhari's Visit https://t.co/gzU4Hwqx53,0,0,0,"Quantity Surveyor, 
Blogger, 
Farceur & 
A dream chaser",Next Bus stop ,1414,979440612582846465,2018-03-29 19:30:13
inforistic,Buhari greets Nigerians at¬†Easter https://t.co/Mfm3AzXgmk https://t.co/ZPuaerNaga,1,0,0,"Latest News, Entertainment, Comedy Skit, Celebrity Gossip & Your Favourite Music.
Email: contact@inforistic.com","Lagos, Nigeria",18385,979440605817458688,2018-03-29 19:30:12
thecableng,PDP seeks arrest of Buhari‚Äôs aides over ‚ÄòMartin Luther King award‚Äô controversy | TheCable https://t.co/M9jL0kMXpd https://t.co/eKTgBDYGaY,0,0,1,Nigeria's independent online newspaper,Nigeria,116239,979440601698635777,2018-03-29 19:30:11
doveleakng,Lagos shutdown as Buhari visits https://t.co/RryHg5Bodq https://t.co/RryHg5Bodq,0,0,0,Doveblitz is a football site with premium informations. Doveblitz provides the best football news which are perfectly deliver best result for our visitor.,,1886,979440585911054336,2018-03-29 19:30:07
GuardianNigeria,"WATCH: APC national chairman Odigie-Oyegun, apparently unaware of President Buhari‚Äôs stance on the tenure elongation of the party‚Äôs NEC, says issue ‚Äúbelongs to history‚Äù.
https://t.co/2Bp6F6fleq",0,0,0,"An independent newspaper, established in 1983 for the purpose of presenting balanced coverage of events, and of promoting the best interests of Nigeria.",Nigeria,1099700,979440560720113665,2018-03-29 19:30:01
doeyhin,How did buhari's visit affect you today? ‚Äî Positively actually! https://t.co/GCOiKkWpcY,0,0,0,"Gadget sales/ Interior architecture,Socialite, Tea collector, Benz lover.",La vie est belle,1827,979440505112137730,2018-03-29 19:29:48
notsugabelly,This is why you üêí Nigerians have Buhari as a president. Condoning mediocrity since 1914. #bbnaija https://t.co/dWPM12uKIk,1,0,0,sabishii,"Washington, DC",207,979440451685093376,2018-03-29 19:29:35
johnnync15,"Group accuses Buhari's govt of deliberately assigning Kanu, Fani-Kayode's cases to Fulani judges - Daily Post Nigeria https://t.co/U5nmo1ip1t",0,0,0,"I'm a Biafran by original Identity, not artificial country Nigeria ,created by Britain, #freeNnamdikanu #FreeBiafra",Malaysia,359,979440399767896064,2018-03-29 19:29:23
ObiDanielOnyeka,"@renoomokri @realDonaldTrump Nigerians is waiting for push, because we all want to push Buhari to Daura",0,0,0,Biafran days are numbered in Nigeria!,,33,979440339839627269,2018-03-29 19:29:08
BayoNaija03,"@Omojuwa @NGRPresident @MBuhari Na Tinubu colloquium Buhari come attend, forget Bus stop issh!",0,0,0,Young active citizen of the Fed. Rep. of Nigeria | Jesus Soldier | Reader | Programmer | Writer | Researcher ... Proudly @ManUtd fan.,"Ibadan, Nigeria",266,979440290485473285,2018-03-29 19:28:57
JesseUka,"March 29, 2018

Press Statement

PDP Mocks Buhari over Fake Luther Award

‚Ä¶Demands Arrest, Prosecution of Presidency Officials 

The Peoples Democratic Party (PDP) has described the announcement by the Buhari... https://t.co/0AzqawAsVR",0,0,0,"Politician/Footballer/Comedian//Song Writer/Entertainer/Peace Ambassador

For Bookings & Enquries Contact:
+2348167900239

Jesseukachukwu@yahoo.com","Nigeria, Planet Earth",314,979440210776870912,2018-03-29 19:28:38
PremiumTimesng,"Easter: Buhari urges political actors, stakeholders to work for peace, social justice https://t.co/A50gyWBV44",0,0,0,"A multimedia Nigerian publication based in Abuja delivering fresh, factual & reliable news","Abuja, Nigeria",712136,979440134469963777,2018-03-29 19:28:19
yofigirl,"You shutdown Lagos State just to commission a state project, what will happen the day Buhari will commission a federal project?

Shame of a country!
#BuhariInLagos",0,2,0,"writer, script writer, blogger, movie producer, girl child activist",lagos nigeria,604,979440078022995968,2018-03-29 19:28:06
Hammdriller,"I believe this is what @OfficialPDPNig should be working towards. 

2019 is sealed. Buhari wins.

The support is overwhelming https://t.co/luj3Cc9kH9",1,0,0,"Someone somewhere, is making a decision that may affect your life.
Social Commentator. War is part of human nature. I engage.

IT Infrastructure Consultant.","West Africa, CA",1674,979440077729222656,2018-03-29 19:28:06
Kendo81326098,@Laurestar APC and Buhari have launched their election campaign. Why did they stop PDP having a rally in Kano and Ksduna recently?,0,0,0,,,19,979440042090344448,2018-03-29 19:27:57
reggeablues,Both Buhari of Nigeria and Biya of Cameroon masterminds massacre in Southern Cameroon and Southern Nigeria. This is conspiracy to commit ethnic cleansing to further suppress their supposed conquered territories.,1,0,0,Entrepreneur. Observer. Activist. Awakener.  Enlightenment. Libra. King Of Free World.,Pyramid Of Biafra. ,618,979440017029332993,2018-03-29 19:27:51
AA_Nuhu,Baba Buhari is seconds away from receiving a gigantic hot slap ü§£ü§£ü§£ https://t.co/KR2xKqofuF,1,0,0,"I want to be 16 nd clueless again

Development worker | aminu.abdullahi@thepalladiumgroup.com",Nigeria,599,979439963103285248,2018-03-29 19:27:38
kkp4real,"@MobilePunch Who's Tinubu to tell us what to do, in this 21st century. If we decide not to accept PDP, are we going to continue with the killing spree under Buhari or his incompetent way of handling d affairs of the country. If APC want us to listen, they should present a competent candidate",0,1,0,"Media consulting, Corporate Branding, Reporter/Correspondence, Events Manager etc.","lagos, nigeria",180,979439823810424833,2018-03-29 19:27:05
bj_media,"Retweeted Rosanwo (@rosanwo):

Booked a 8:45 flight from Abuja to Lagos with the hope of getting out of Abuja before Buhari, checked in at 7:20.

I hear the airspace will be closed until Buhari arrives in Lagos. 

madness üá≥üá¨",1,0,0,"Sports Guy! 
 Email: mjboluwaji17@gmail.com","Lagos, Nigeria",585,979439803748958208,2018-03-29 19:27:00
News_AfricaNow,President Buhari committed to building capacity of workers- Dalung - https://t.co/PXnh2GfEKf https://t.co/PXnh2GfEKf,0,0,0,News and updates from all over Africa.,Nigeria,405,979439701282103296,2018-03-29 19:26:36
Niyidaram,See photos of Lagosians that came out enmasse to welcome President¬†Buhari https://t.co/a3GLk9dew4 https://t.co/stK3brYEqn,1,0,0,Blogger,"Abuja, Nigeria",6712,979439650480803840,2018-03-29 19:26:24
ONTV_NIGERIA,"Buhari tasks political actors, stakeholders on peace, social justice  | https://t.co/z8bhyRWtvy",0,0,0,"Nigeria's #1 and most watched 100% Entertainment Television (UHF41 Lagos) w/ content cutting across music, movies, fashion, sports & more| business@ontvsite.com","Lagos, Nigeria",37806,979439646663987200,2018-03-29 19:26:23
idifu,"@dadiyata @Yaksbrother193 buhari is the worst thing to have happened 2 Nigeria, he's taken us backward",0,0,0,Do you while i do me,"Lagos,Nigeria",169,979439632067780609,2018-03-29 19:26:20
Kendo81326098,"@Laurestar Buhari is Judas and backstabber. Didn‚Äôt he licked Tinubu‚Äôs ass in 2015? What happened after he got rigged into office? Their honey moon only lasted till 29 May, 2015. Did Tinubu get what he was promised?",0,0,0,,,19,979439608986513409,2018-03-29 19:26:14
TheNationNews,"Our policies have led to improvement in transportation network, others ‚Äì @MBuhari https://t.co/N2ss2UH73s",0,1,2,"Nigeria's Widest Circulating Newspaper.For accurate News, Sport and Entertainment. Need to reach us? ination@thenationonlineng.net
IG:thenationnewspaper","Lagos, Nigeria",543015,979439546277548032,2018-03-29 19:25:59
beecycloset,@Merchan_Tech Its people like dem dt will still vote for buhari nxt election because dey need drama....,0,0,0,"Wife and a fashion entrepreneur.
Bespoke fashion designerüëóüëóüëó
Dnt follow me to unfollow me later...Dnt be a CONFUSED being!!!!","Lagos, Nigeria",449,979439538996170752,2018-03-29 19:25:57
MAZIOBIBOND1,"Group accuses Buhari's govt of deliberately assigning Kanu, Fani-Kayode's cases to Fulani judges - Daily Post Nigeria https://t.co/4L1jk4rfTm",0,0,1,"I AM A BIAFRA SON , &  I AM A COMPLETE BIAFRA BLOOD ,  HARD CORE BIAFRA ,  &  PLs ,  AM NOT A NIGERIA ,","New Delhi, India",1617,979439530943111170,2018-03-29 19:25:55
ShehuBello,"Our policies have led to improvement in transportation network, others ‚Äì Buhari https://t.co/VDCaSAIWmG",1,0,0,"Online Reporter and Social Media Manager @thenationnews| 08080991741| Public Relations Specialist | Political Commentator & Strategist
https://t.co/AIPgA8HWLs","Lagos, Nigeria",188,979439509418004482,2018-03-29 19:25:50
Jay_SaidIt,The look on Buhari‚Äôs face is the look of a money who‚Äôs just secured a quick cheque for him and his boys https://t.co/7kqSh7kIjf,0,0,0,Nothing,Life long *** fan,3463,979439503692779522,2018-03-29 19:25:49
ViewNaija,"11.Declare Herdsmen Terrorists, Soyinka Tells Buhari - https://t.co/CB5v6c1fvJ

https://t.co/5nuTpB1kn5 Wike Okays Death Penalty For Kidnappers - https://t.co/hVjIqwRlIm https://t.co/CB5v6c1fvJ",0,0,0,"Web Video Community: Nigeria, Lifestyle, Arts, Culture, Politics, Business & Entertainment. Upload your Original Nigerian Video & ViewNaija through our Eyes.","Lagos, Nigeria",1043,979439438705995777,2018-03-29 19:25:33
sanmite2,"11.Declare Herdsmen Terrorists, Soyinka Tells Buhari - https://t.co/7npHhlHEah

https://t.co/FP5iLjOsKq Wike Okays Death Penalty For Kidnappers - https://t.co/sPcaTcI5hn https://t.co/jCtgRnL0pQ",0,0,0,Love doing my job....,Nigeria,359,979439423204089856,2018-03-29 19:25:30
titilayur,Please did Buhari come to Lagos today,0,0,0,PRAY....,A place Called FORWARD,715,979439402454847488,2018-03-29 19:25:25
ViewNaija,"9. Buhari Commissions 100,000 Capacity Sunti Golden Sugar Estate In Niger - https://t.co/1X8jXPEtSk

10.Senate Kicks Against Court Order On Electoral Amendment Bill - https://t.co/H80QOfs53h https://t.co/1X8jXPEtSk",0,0,0,"Web Video Community: Nigeria, Lifestyle, Arts, Culture, Politics, Business & Entertainment. Upload your Original Nigerian Video & ViewNaija through our Eyes.","Lagos, Nigeria",1043,979439375317590016,2018-03-29 19:25:18
IboroWilliam,Bola Tinubu‚Äôs Colloquium: What Nigerians must tell President¬†Buhari https://t.co/VhgNBe64oz https://t.co/UqXzXPJMFj,1,0,0,"Web Designer, Lifestyle Blogger, and a Technical Educationist.",Uyo,117,979439373342175233,2018-03-29 19:25:18
sanmite2,"9. Buhari Commissions 100,000 Capacity Sunti Golden Sugar Estate In Niger - https://t.co/PiHYshJXvr

10.Senate Kicks Against Court Order On Electoral Amendment Bill - https://t.co/0M1bfYXGXV https://t.co/YUo3BYUle0",1,0,0,Love doing my job....,Nigeria,359,979439360729866243,2018-03-29 19:25:15
Gifted_steve,Fake Martin Luther King Award: ‚ÄòBuhari Serially Embarrassing Nigeria‚Äô ‚Äì¬†PDP https://t.co/nvsZYLdXep https://t.co/jjuLMamq9z,0,0,0,Sir Steve,"Warangal, Hamamkonda, India",172,979439338667892737,2018-03-29 19:25:10
Akpompey10,Is Buhari  ever were Lagos was totally  shut down I regret  leaving  my house today @AkinwunmiAmbode You have finally  shown us now much u love lagosians....,0,0,0,,,125,979439248486076417,2018-03-29 19:24:48
adeshina_ajasa,"@royaljosh @ashani00 @pius_adesanmi üòÇ boss I'm not a fan of Buhari, I didn't vote for him and and I don't regret it, I'd rather vote for a young man than him, but  this your Lateef sadik me I know sabi am,  ooo üòÇ üòÇ üòÇ",0,0,0,"I'm Adeshina I want to make positive impact on millions of African youths across the globe
 AjasaCGG;
catalyst for good governance
#setgoal
#possibilities","Lagos, Nigera",670,979439164444893186,2018-03-29 19:24:28
hitzng,"PRESIDENT BUHARI, OSINBAJO, AMBODE JOIN BOLA TINUBU AND WIFE ON STAGE TO CUT THE CAKE https://t.co/c2gfg1uEFL",0,0,0,Trends in Entertainment... Showing on ONTV [DSTV 257 & GOTV 96] @ 1pm Daily,Lagos,8991,979439154760208384,2018-03-29 19:24:26
me_u_lit,"Buhari is still Nigeria‚Äôs president (for now) until he‚Äôs ousted from office or time fast-forwards 

Drops pen...

Thoughts: abeg when is his last day in office? https://t.co/GScack6DU7",0,0,0,We count the spoils in battleüëåüèª#Fierce,ek√≥ ,3076,979439120874442752,2018-03-29 19:24:18
hitzng,ARRIVAL OF PRESIDENT BUHARI AT 10th Bola Ahmed Tinubu Colloquium today in Lagos https://t.co/7TtgbPUTCq,0,0,0,Trends in Entertainment... Showing on ONTV [DSTV 257 & GOTV 96] @ 1pm Daily,Lagos,8991,979439111131090946,2018-03-29 19:24:15
CybokNews,CybokNews Now: (Investing in people: Buhari's remarks at the 10th Bola Ahmed Tinubu Colloqium ( Full Text)) has been published on CybokNews - https://t.co/myXEefiF55 https://t.co/hqtRKLkrDV,0,0,0,"CybokNews is an independent, liberal online newspaper committed to the right of the individual to pursue his economic happiness, without undue interference.",Lagos,123,979439109151354880,2018-03-29 19:24:15
odumoopeyemi,"No joke, No sentiment, No hate.

The only working minister in buhari's cabinet is LAI MOHAMMED. 

He's good at what he was appointed for. He knows the job more than he knows the truth.",0,0,0,"Believes in Godüôèüôè
Entrepreneur üíØ
Waste Contractorüöí
September bornü§ì
Arsenal FC‚öΩ
IG:opelobami",Ibadan.,558,979439065589272579,2018-03-29 19:24:04
thonY_YHL,"PDP Replies Tinubu: You Admitted Buhari, APC Have Failed https://t.co/wzFoR6MnwV https://t.co/BYGMAtTMp3",1,0,0,PR ‚ñ´Ô∏è Blogger ‚ñ´Ô∏è Event/Brand Promoter üåç thony_yhl@yahoo.com +2348101354474 üöè,"Lagos, Nigeria",12774,979439060681814016,2018-03-29 19:24:03
ipopcoda,"PDP Replies Tinubu: You Admitted Buhari, APC Have Failed https://t.co/wVFXDxHOWf https://t.co/4cC6yv9S9l",0,0,0,"separated for greatness, I love the fun and still want more #sapio  üßö‚Äç‚ôÄÔ∏èüßùüèº‚Äç‚ôÄÔ∏è üîûüîû",Nigeria,255,979439057850613760,2018-03-29 19:24:03
thonY_YHL,Easter: Full text of Buhari‚Äôs message to Christians https://t.co/sqhuiJXwAV https://t.co/9Dkz8axgpW,0,1,0,PR ‚ñ´Ô∏è Blogger ‚ñ´Ô∏è Event/Brand Promoter üåç thony_yhl@yahoo.com +2348101354474 üöè,"Lagos, Nigeria",12774,979439051135594496,2018-03-29 19:24:01
ipopcoda,Easter: Full text of Buhari‚Äôs message to Christians https://t.co/DNfyJOBRjf https://t.co/YB3inUiJMm,1,0,0,"separated for greatness, I love the fun and still want more #sapio  üßö‚Äç‚ôÄÔ∏èüßùüèº‚Äç‚ôÄÔ∏è üîûüîû",Nigeria,255,979439050183487488,2018-03-29 19:24:01
Naijacliq_com,Photos of President Buhari at the Bola Tinubu¬†Colloquium https://t.co/9ls1k4HGcn https://t.co/HcbHDChI2K,1,0,0,"Your online news, gist, music & video portal.",Nigeria,285,979438901361340417,2018-03-29 19:23:25
CybokNews,Investing in people: Buhari‚Äôs remarks at the 10th Bola Ahmed Tinubu Colloqium ( Full Text) https://t.co/oH8L44nYEU,1,0,0,"CybokNews is an independent, liberal online newspaper committed to the right of the individual to pursue his economic happiness, without undue interference.",Lagos,123,979438875692105729,2018-03-29 19:23:19
kingkun_,Buhari's face gives me migraines.,0,0,0,you can't shame the shameless.,Old Trafford,630,979438842200707073,2018-03-29 19:23:11
kvngomo,"Honestly speaking, my dads trousers have offered me more change than Buhari ever had https://t.co/s0byastElM",0,0,0,"I.G: @_itsomo
üëª:@playboy_offic
üá≥üá¨üá≥üá¨üá≥",Everywhere,293,979438833187086342,2018-03-29 19:23:09
acresofsaphire,A friend says he has a contact in Havard that said the university wants to award Buhari Doctorate Degree in Economics (Honourary). Can you link me up with Femi Adesina?,0,1,1,The one who came back to say Thank you Jesus the Christ...,"Lagos, Nigeria",1557,979438703230836736,2018-03-29 19:22:38
stephmedusa,"@PusyWorshipper I'm beat right now preek no dey my agenda, Buhari and Ambode have finished me",0,0,0,"I'm 100% female who likes licking cunts and riding cocks, just here to av fun nothing serious #teambi #teamdoggy #arsenal",Lagos fucking  ur man ,57419,979438684427771905,2018-03-29 19:22:34
GeneralDimka,"@Elmaxi_ubongy @Rapperkale @9jayouthdecide He knows nothing,  bus stop commission is the only thing Buhari government achieved since 2015. How can a sitting president travel all the way to Lagos, just to commission Bus stop as Oshodi. Nigerians say no to Buhari come 2019.",0,0,0,,"Georgia, USA",327,979438668669743105,2018-03-29 19:22:30
fekydabone,This is simply a marketing strategy to honour Nigerian customers.Same way most high brawl hotels fly flags of countries which produce most if the world's tourist &amp; investors just to attract their patronage. Buhari's picture will b replaced the moment he siezes to be the president https://t.co/Ocf3n0hNzT,0,0,0,"#Arsenal#Socialcommentator #AdvocateofSanity,Decency&MutualRespectAmongstNigerians",,272,979438628064694277,2018-03-29 19:22:20
jehoshuachange,"What's your say on Buhari's visit to Lagos?
What do you think in the woman arrested for causing that bridge? And the blocked roads making Lagos people to trek excessively?",0,0,0,"#ilovejesusme #topofmygameme #freshguyme #lookbeyondwhatyousee
I'll make you famous
I'll make you successful
Just listen to my words... 
I'm a #successful sage","Warri, Nigeria",10,979438610264084480,2018-03-29 19:22:16
uwanigarrba,@AishaYesufu @MBuhari You are yet to know who is BUHARI,0,0,0,,London,204,979438539199873024,2018-03-29 19:21:59
fekydabone,@MrAyeDee @MBuhari This is simply a marketing strategy to honour Nigerian customers.Same way most high brawl hotels fly flags of countries which produce most if the world's tourist &amp; investors just to attract their patronage. Buhari's picture will b replaced the moment he siezes to be the president,0,0,0,"#Arsenal#Socialcommentator #AdvocateofSanity,Decency&MutualRespectAmongstNigerians",,272,979438534439374849,2018-03-29 19:21:58
pakcheman,"Noting that Easter is the season in which Christians mark the death and resurrection of Jesus Christ, which represents the triumph of good over evil and life over death, Buhari added that the period... https://t.co/RKVyCIkOtF",0,0,0,"On Air Personality. News Caster. I'm a miracle.
Youth Advocate and a Democrat.
I am Government.",Nigeria,1164,979438465870913536,2018-03-29 19:21:42
JideDAW,Tinubu Blast Obasanjo Over His Letters To President Muhammadu Buhari¬†(Video) https://t.co/IfAZxIW6tz https://t.co/qCvU81tUUp,0,0,0,,"Lagos, Nigeria",442,979438368307150849,2018-03-29 19:21:18
dopreneur,Tinubu Blast Obasanjo Over His Letters To President Muhammadu Buhari¬†(Video) https://t.co/UGBT22f5CB https://t.co/bNoCKbqX5C,0,0,0,"* Business plan developer
* Social Media Marketer. 
* Outsourcer
* Business Consultant
* Content developer
How may I help? 
olotuoz@gmail.com","Lagos, Nigeria",5706,979438353463603202,2018-03-29 19:21:15
Danny_ringz,Tinubu Blast Obasanjo Over His Letters To President Muhammadu Buhari¬†(Video) https://t.co/eD0HwUeVBO https://t.co/CdeMm1SwK6,0,0,0,"s¬©Ng writer _ afrop0p singer _R&B $ing¬£R _ RAPER _FREESTYLE RECODING ARTISTE 
IG: Danny_ringz1
Facebook : H hop artiste ringz
whats sap 07012746599","Lagos, Nigeria",54,979438339827929090,2018-03-29 19:21:11
Raouc1,"The owner of Lagos had his 10th Colloquium today and the state was shut down using Buhari visiting to commission a project as a disguise. 
Power is sweet sha!",0,0,0,I am me. Don't care what else you think about me. #Husband #Father @ManchesterUnitedFan #Entrepreneur #FutureLeader #exBanker,Everywhere##,446,979438316180340736,2018-03-29 19:21:06
ocnellygreat,Tinubu Blast Obasanjo Over His Letters To President Muhammadu Buhari¬†(Video) https://t.co/RuAoAF936W https://t.co/Vlub8mPM0r,1,0,0,Am a talented hip hop upcoming singer ..I always love music till I die,Lagos,12,979438308840402949,2018-03-29 19:21:04
Gifted_steve,SHAME: Family Of Late Martin Luther King Denies Giving Buhari A Merit¬†Award https://t.co/QvUE2ZE8V4 https://t.co/UHoJ9PLVyz,0,0,0,Sir Steve,"Warangal, Hamamkonda, India",172,979438306416058369,2018-03-29 19:21:03
luvlygurlie,Tinubu Blast Obasanjo Over His Letters To President Muhammadu Buhari¬†(Video) https://t.co/ldPfr4X7zO https://t.co/cWQwsMXWx1,0,0,0,classy chic crazy stylish cool goal-getter beautiful-soul -------- smart allergic2stupidity hates all -i know it all's- PRETENDERS (turnoff) ------- 'there's,Land of no return,87,979438292793024512,2018-03-29 19:21:00
bayowyns,"Pres. Buhari freezed Lagos today.
Hello Lagosians, you can all unfreeze now",1,0,0,#Gadget & #software analyst/Connoisseur #ICT Expert #Poet & love art too,,56,979438288321810434,2018-03-29 19:20:59
lanredcreator,Tinubu Blast Obasanjo Over His Letters To President Muhammadu Buhari¬†(Video) https://t.co/BN75hku8PE https://t.co/ro0jn2S246,0,0,0,"Promotions  Trend Starter  Branding  
 
  Project Management  
  
    üìû+2348090850873             
    
       üìßrealonlinehype@gmail.com",Heaven,25856,979438277278228480,2018-03-29 19:20:57
OPsalmmy,"Aisha Buhari, Nigeria‚Äôs first lady, has condemned the practice of spending the nation‚Äôs resources abroad via medical tourism.",1,0,0,God Fearing Guy,Lagos,34,979438276896534528,2018-03-29 19:20:56
PrinxMaurice,"Buharists and Buharideens say to we normal folks: If you don't like Nigeria, then leave.

They are so shallow in equating Nigeria to Buhari.
If they so love Nigeria without people like me in it, they can do well by getting us a VISA out of Nigeria &amp; paying for our tickets.",0,0,0,"Writer and speaker on leadership, business and criticality. Tweets to help people especially the young unleash their untrammeled minds.",,8326,979438264061972485,2018-03-29 19:20:53
itz_Whatsapp,Tinubu Blast Obasanjo Over His Letters To President Muhammadu Buhari¬†(Video) https://t.co/a458ZGxy1L https://t.co/OdtRTu18Kw,1,0,0,"CEO W-Entertainment, Event Organizer/Management, PR Expert, Publicist and Media Content Developer at Dami Adenuga World Business: 08066097565 #DAW",FPB To The World,230,979438261507674114,2018-03-29 19:20:53
NellyGatwi,"Mmmh, this picture is missing the Buhari's, the Zuma's, the Mugabe's, the Dino Melaiye's, the Teodoro Obiang's, the Yahya Jammehs's the Jos√© Eduardo's...need I say more? But, close enough. https://t.co/rQv6KFysuT",0,0,0,Almost there.,Kenya,5243,979438255241334784,2018-03-29 19:20:51
gbemisolarh_,Tinubu Blast Obasanjo Over His Letters To President Muhammadu Buhari¬†(Video) https://t.co/6O2Pafz69d https://t.co/411fVnuykS,0,0,0,"BABY PUBLICIST|| 
Brand builder || 
 email: gbemisolarh1@gmail.com  Snapchat:gbemisolarh  IG:@gbemisolarh",,9597,979438247460966400,2018-03-29 19:20:49
DAMIADENUGA,Tinubu Blast Obasanjo Over His Letters To President Muhammadu Buhari¬†(Video) https://t.co/YP6cIJp06C https://t.co/KZMy6uZk2k,0,2,1,CEO/Founder DAMI ADENUGA WORLD | Social Media Pundit | Project & Business Manager | üìß dami@damiadenuga.com | üì± +234 810 9373 702,"Lagos, Nigeria",126773,979438232864743430,2018-03-29 19:20:46
voiceofnigeria,"President Buhari urges renewed hope as Christians celebrate Easter - https://t.co/Ui2DkRbI2U Muhammadu Buhari has urged Nigerians to exhibit renewed hope for the progress of the nation as the Christians mark the Easter season.

In his Easter message to the nation, President ... https://t.co/RSUVrxZs00",0,0,0,Nigeria's International Broadcast station. (The authoritative choice),Nigeria,6816,979438179374673920,2018-03-29 19:20:33
femiTRIP,"We laid the foundation of another milestone today. 

Even Buhari is not enough to stop us. The road may be rough but we know it's leading us to a better destination.",1,0,0,Your personal problem || If you do anyhow you go collect {shakabula for head},land of the living. ,1983,979438156008312833,2018-03-29 19:20:28
JA_Olaoye,"If we don't stop impunity it will consume us as common citizens.
After her husband and son got treatment abroad...is okay.
EXTRA: Aisha Buhari condemns foreign medical treatment - TheCable https://t.co/zAQ1mD4eLJ via @thecableng",0,0,0,Project Manager | Talk about Family | Entrepreneur | Fearless | Supporter of +ve change | Love üöò| Love Africa | Volunteered Adviser To FG & State Gov't of üá≥üá¨,World,559,979438140762017795,2018-03-29 19:20:24
lawsbollnews,"Some people failed to trek for Buhari in 2015 and in Lagos today, they were forced to trek for Buhari",0,0,0,"https://t.co/5450IgHtvfNews around the globe, Sports and GOSSIPS Contact for details +2348148336761 email: modebolalawrence@gmail.com or resque11@yahoo.com","√úT: 6.635923,3.2874514",692,979438101293617154,2018-03-29 19:20:15
gvicsocial,"Latest--Bola Tinubu At 66: Buhari Does the Cutting of Cake

President Muhammadu¬†Buhari on Thursday joined former Lagos State Governor, Bola Tinubu in cutting his birthday cake as he turned 66.

The Celebrant, Tinubu was also accompanied by his wife Remi ‚Ä¶ https://t.co/NusiCvZkPh",0,0,0,"GISTVIC is an all-round entertainment and music body bringing YOU all the latest news, music, videos and information you NEED to know.","Lagos, Nigeria",74,979438087481757701,2018-03-29 19:20:11
Mrkanabiskanab2,"@MAZIOBIBOND1 We know it very well that this man is a polititiant!!we don't care after,all,'he is pedophile a child rapist like buhari nigerian president@",0,0,0,Iand i the highest cannabis smoker,,58,979438067227480065,2018-03-29 19:20:06
zubzey,"@newscantell @Dope_Template Even the same thing happened when Buhari came to Mozambique, Katankobia and Panyaa",0,0,0,"I won't say am interesting,cool,fun to be with, ambitious, music lover and all those interesting things, meeting me would just be a confirmation of all i wrote.","Honolulu, HI",161,979438062399827968,2018-03-29 19:20:05
alofe_moses,"REMARKS BY HIS EXCELLENCY, PRESIDENT MUHAMMADU BUHARI
AT THE 10TH BOLA AHMED TINUBU COLLOQUIUM
29TH MARCH, 2018

INVESTING IN PEOPLE

I am happy to be here with you to celebrate the birthday of my friend and political... https://t.co/2aH6jIwkft",0,0,0,"Soft and Easy-GOING
#Instagram @alofe_moses #Champoin_ChelseaFc  #AlwayshardtoCONVINCE",Somewhere on A RADAR,701,979438050500628482,2018-03-29 19:20:02
Channels24_UK,"Pray For Return Of Those In Captivity, Buhari Tells Nigerians https://t.co/scabvVAbMf https://t.co/tvng1V8m8V",1,1,0,"The Official Twitter Account of Channels24 UK. Watch Channels Television Live on Sky Channel 575, UK. #Channels24.",United Kingdom,288453,979438041826705408,2018-03-29 19:20:00
Asmailafiya,@DeeOneAyekooto Is only on the eve of Buhari's visit to Lagos they approved useless project that will not be executed. Continue!,0,0,0,Do not take anything from your brother except what is given freely...,,1240,979438040908226566,2018-03-29 19:20:00
segunafc,What's the difference between you and buhari? üòîüòîüòî https://t.co/wvj7JIiknI,1,1,1,"God's own property, Arsenal fan,lover of good football....","Ibadan,Nigeria",1149,979437990333308928,2018-03-29 19:19:48
EncaraXeno,"Something is wrong. Like: Ambode feels he should be the one sitting close to Buhari. But Buhari is like, I told y‚Äôall already. ‚ÄúI belong to no one.‚Äù LOL https://t.co/ctZzTBZxhC",1,0,0,Embrace Everything; Challenge Everything || Love Always || joie de vivre,"Lagos, Nigeria",1245,979437971622498304,2018-03-29 19:19:44
umehjunior,Where is Buhari sleeping tonight?we need to send him to his creator,0,0,0,love God ....#Afc,,361,979437936214204417,2018-03-29 19:19:35
OccuWorld,Travelers Stranded As Lagos Prepares To Receive President Buhari https://t.co/Oohn8bqLkX,1,0,0,"Truth Locating Engine. Non-funded, volunteer, automated. In solidarity with humanity.",Earth,8001,979437922557579264,2018-03-29 19:19:32
MascotEzechi5,Lady Arrested While Trying To Use A Pedestrian Bridge Shut Down Because Of President Buhari https://t.co/r8FZjEZkRY via @GistReel,0,0,0,Humility,,125,979437889581998080,2018-03-29 19:19:24
pakcheman,Tinubu: Full text of what Buhari said in Lagos - Daily Post Nigeria https://t.co/JEwOBCr9Ma,1,0,0,"On Air Personality. News Caster. I'm a miracle.
Youth Advocate and a Democrat.
I am Government.",Nigeria,1164,979437856132358146,2018-03-29 19:19:16
NdigboNews,"Group accuses Buhari‚Äôs govt of deliberately assigning Kanu, Fani-Kayode‚Äôs cases to Fulani‚Ä¶ https://t.co/U6YdwyzyZO",0,0,0,,,49,979437847584395264,2018-03-29 19:19:14
9jaBigboy,Haa'   How can you say buhari is as useless as the 'ue'  that is inside Queue.. üòÇ https://t.co/rPRmkBaXL8,0,7,2,SAMUEL 1:9,LASGIDI,5422,979437806815719424,2018-03-29 19:19:04
solominho,"Retweeted Josh I (@sire_liljosh):

Someone challenged Nigerians to name ONE federal government project initiated, completed and commissioned by Buhari since he came to power 3 years ago and win N20k

The prize is now... https://t.co/7nmCYl11DN",0,0,0,"silly, spontaneous and a MARINER",Nigeria,243,979437781708607488,2018-03-29 19:18:58
candieman_cee,"@therealfaya @KelvinOdanz @ohiiiiiiiii but they say what old people see.sitting down a child will not see it even if he climbs a tree
ryt frm wen buhari ws nameD APC flag bearer i knew its doom for nigeria bcos of his previous rule
but the so-called old men didn't see it",0,0,0,"King troll of Africa, king of shades philosopher, politician,  Painter, Engineer|if you follow I'ma follow back ASAP|Gemini|
 FCBarcelonaüî•üî•üî•",candie avenue,299,979437610077773825,2018-03-29 19:18:17
royaljosh,"@adeshina_ajasa @ashani00 @pius_adesanmi Every adult Nigerian is a better candidate than Buhari the inept. It is that bad. 
Let your table not shake.",0,0,0,Writer|Poet | IT Tech| Football Cognoscenti | AC Milan|Rangers Intl & Super Eagles | TREM| Web Marketing | Greatness made - https://t.co/n2QM4CWuUi,Lagos,601,979437529291218950,2018-03-29 19:17:58
zeyi_love,"This is what I've been saying but as at now we don't have anybody to stand against Buhari, all we are hearing is red card https://t.co/YGMIJZaNKk",0,0,0,"Occupational Therapist at Lagos State University Teaching Hospital, Ikeja || Sports Writer || Team Manchester United || Team R.C.C.G. IKeja Lagos.",NIGERIA,423,979437478263296001,2018-03-29 19:17:46
AfropagesEn,DailyPost Ng - PDP mocks Buhari over controversial Martin Luther King award @AfropagesEn https://t.co/6k7yhhMJQb https://t.co/Vghr95U9xj,1,0,0,"Synthesis of Information from #Africa . 
In french : @Afropages",,147,979437454087327744,2018-03-29 19:17:40
mykel69,Guys how was ur day today with all dis road blocks mine was an horror movie I did the BUHARI walk,0,0,0,Calm and easy going man love my job and love being up der in the sky complete AKWA IBOM man,Newyork,30,979437440397135875,2018-03-29 19:17:37
deeplookers,"Buhari: Our programmes, policies have resulted in improvement of road, rail, electricity, others - https://t.co/wDe6X5wNfh https://t.co/u78VaSBVWl",0,0,0,"We are https://t.co/9pi4vEvYcd We refuse to be limited by any opinion/view. We analyse, evaluate, and look deeply. Join us. Register: https://t.co/9pi4vEvYcd.",Nigeria,74,979437407996067840,2018-03-29 19:17:29
Apadious1,"@followlasg So for this bus stop Lagos was shutdown and we suffered
I can never forgive Ambode and Buhari for this
I must get my pvc",0,0,0,"blogger,content manager and event management",Lagos,82,979437389285416960,2018-03-29 19:17:25
IamBuharist,"@devfunsho If you are not a software developer and you use up 2.5 gig daily, I suspect you are one of President Buhari hardened critic.",0,0,0,"Java/Android/C programmer. IT enthusiast and B.Eng Chemical Engineering and above all I am for justice 

Founder Ohmsmaestro Global Concept",Abuja,287,979437376673124353,2018-03-29 19:17:22
rickieflamez,@renoomokri @ProfOsinbajo Allow buhari to keep fooling himself,0,0,0,U cop?,Ph,217,979437348936146945,2018-03-29 19:17:15
simisola_news,@ponmioloj @tinerisbae ah if dey kiss it will be a national issue.... buhari must hear,1,0,0,,,4,979437303444787200,2018-03-29 19:17:04
sambrojnr79,"Please what's Buhari's own, everytime he talks he mentions Hate Speech,is this Military regime.People Insulted that hell out of GEJ,but he didn't go around asking people not to air their opinion.This is Democary for crying out loud",1,0,0,"Easy going, articulated, fun to be with","Owerri, Nigeria",146,979437235941576704,2018-03-29 19:16:48
djscopeman,Tinubu Blast Obasanjo Over His Letters To President Muhammadu Buhari (Watch Video): While‚Ä¶ https://t.co/StfPYRTrSr,0,0,0,|Scratch pro |Mix master |club dj |street dj |battle dj |Events |Pro Dj |Artists Promo |Musik Prof & Updates. for biz 08038562927,NIG,3494,979437234247077890,2018-03-29 19:16:48
Lhawboy,@oxyjuve @ibisogeorge @Omojuwa Kwankwanso will beat Buhari hands down in Kano. That's my point.,0,0,0,Sports OAP| Social commentator|3SC & Barca Fan| Cooperator|Photographer| xtian| #TeamMessi 08102685143| alongedamilola7@gmail.com,Nigeria,1155,979437228115054593,2018-03-29 19:16:46
zeyi_love,"Will they give another person the red card votes. If I don't know better, I would say madam @obyezeks is working for Buhari. 
When we flush Jonathan out, all the votes went to Buhari, but now the votes isn't going anywhere, how will Buhari lose? https://t.co/Y6dsHHdHD5",0,0,0,"Occupational Therapist at Lagos State University Teaching Hospital, Ikeja || Sports Writer || Team Manchester United || Team R.C.C.G. IKeja Lagos.",NIGERIA,423,979437224675762177,2018-03-29 19:16:46
blog4forall,"Buhari‚Äôs visit: Travellers, commuters groan over movement restriction - The Killer Punch News - Latest Headline News Around The World At your Finger Tips - https://t.co/TmM0balsZC via @blog4forall",0,0,0,"Latest Headline News at your finger, Akwa Ibom Politics, Entertainment Etc https://t.co/FCv3kaD9XY ,  https://t.co/3XknFLn36Z check it out",Nigeria,8787,979437210926829569,2018-03-29 19:16:42
Biafrabueze,"TY Danjuma's Statement: Gov Ishaku reveals shocking evidences on how Buhari, military supported killer herdsmen in Taraba https://t.co/RRWbsCKgsU",0,0,0,Just cool,"Emsland, Niedersachsen",315,979437137463521280,2018-03-29 19:16:25
Umm_Murdiyyah,"It's sad to know Buhari actually went for Tinubu's bdy and not commissioning of a project. Cos of bdy, see what they made Nigerians go thru",0,0,0,"A striving muslimah, Wifeüë´ and motherüë∂

üåπüåπüåπüåπ",Nigeria,1172,979437077598277632,2018-03-29 19:16:11
brineted1010,@naijcom @HQNigerianArmy So now Buhari negotiated with terrorists . Shame on all non Fulani people of Nigeria except igbos . This is crazy . Why are Nigerians stupidly sinking into buhari's terrorism . This is not a military regime,0,0,0,,"England, United Kingdom",154,979437038721265665,2018-03-29 19:16:01
TsoundV,"@channelstv Gibril,  oh sorry,  I mean Buhari,  did I hear u say pray,  was it prayers that brought d dapchi gals back????  This people should stop all this foolishness pls,  u guys are just too old for all this childishness mbok",0,0,0,Government,Heaven,51,979436948770246656,2018-03-29 19:15:40
AhneekaS,@carr_grtrdcrr üòÇüòÇüòÇüòÇ Buhari is coming for you,1,0,0,Hanifah is my name and you don't have to know anything about me.,South Africa,92,979436915953979393,2018-03-29 19:15:32
Babsam27,"Some people failed to trek for Buhari in 2015 and in Lagos today, they were forced to trek for Buhari",0,0,0,I am a solution to my generation,"Lagos, Nigeria",5,979436889433354240,2018-03-29 19:15:26
shehuchaji,"The Buhari North and the Folly of Sectionalism
By Majeed Dahiru

 Premium Times ÔÄó March 29, 2018 

Propelled to power by a delicate merger of his traditional conservative northern Muslim support... https://t.co/FfYDac0QHD",0,0,0,,"Kano ,Nigeria",4153,979436852464816128,2018-03-29 19:15:17
oxyjuve,@Lhawboy @ibisogeorge @Omojuwa Even me and you know that kwankwanso can never and will never beat buhari in any election,1,0,0,enjoy life and forget troubles.,,225,979436814812483587,2018-03-29 19:15:08
cupowers,Man recounts his bitter experience in Lagos today because of Buhari‚Äôs¬†Visit https://t.co/n3SgKSkxzL https://t.co/2CuVyGczs4,1,0,0,"Libertarian. Insomniac. iBlog‚úçüèΩ For breaking News, Celebrity Gossips and Lifestyles, Entertainment, Music Videos and Real Life Stories. DM: cupowers@gmail.com",Why?,419,979436811054350336,2018-03-29 19:15:07
Matrix_Ld,Lol. See how Buhari and his people dey rub mud for all man face.,1,0,0,Acta non Verba,Elysian Fields,528,979436765101613056,2018-03-29 19:14:56
jacksonpbn,"@SultanDas_ @Maxxyproski Imbecile, go and take your medicine. I live in the U.S where information about anything and everything is available. Atlanta is 2hrs a way from me and I have he phone numbers of the King Center. Your Buhari‚Äôs award is fake. Cry me a river!",0,0,0,"Jackson Ude is a Journalist and a skilled practitioner in the fields of Political Communications, Media, public policy and political management.","Bronx, New York",11777,979436761138057216,2018-03-29 19:14:55
donfemosty,Our Goal Is To Unite Nigerians In A Mutually Beneficial Relationship ‚Äì¬†Buhari https://t.co/HLQ0ZYvTxD https://t.co/lFaVXBTiQo,0,0,0,music@street77.co,,3658,979436665210068992,2018-03-29 19:14:32
pame268,The stuff going on in Lagos because Buhari is visiting is weird #africanleaders,0,0,0,Ndirikuchengetedza bho yangu,"Harare, Zimbabwe",495,979436663511441408,2018-03-29 19:14:32
martorali,I hate seeing Buhari.,0,0,0,Furniture Maker/Economist‚óèIndividual Will is important‚óè,Nigeria,388,979436632305819649,2018-03-29 19:14:24
idifu,"@MobilePunch he needs money 4 election &amp; buhari's election, good work senate",0,0,0,Do you while i do me,"Lagos,Nigeria",169,979436605386653696,2018-03-29 19:14:18
brineted1010,@naijcom Little wonder Danjuma said we all should take up arms . So Fulani herdsmen have killed soldiers and still none of them have been arrested .I hope these soldiers are fulanis and Hausa people that enable them . When Jonathan went after boko haram Buhari criticised him .wake up pple,0,0,0,,"England, United Kingdom",154,979436603084017664,2018-03-29 19:14:17
DewunmiLagos,"One very important thing to note. 

Don't go about shouting at everybody in the government, focus your critics towards the public officers in charge. 

Don't hold Buhari responsible for light, there's a... https://t.co/mU2hYWzlmN",0,0,0,"Convener #PvcGoJudge 
This is Dewunmi Lagos  https://t.co/lKKKfdOEYm‚Ä¶","Lagos, Nigeria",775,979436578652278786,2018-03-29 19:14:12
IfaladeO,Maybe Lagos would tell us how much they made from Buhari's visit today over which they shut down the state.,0,0,0,"A lover of humanity and an easygoing fella,tall,dark n proudly African.","Lokoja,Nigeria.",614,979436570418835457,2018-03-29 19:14:10
olaxmakinx,"No Matter How Tired I May Be, Seeing Buhari On TV Always Gives Me Strength To Stand Up And Change The Channel..... Mtchewww‚ò∫üòäüòÇüòÉ‚úåüëπüëÄüíÄüíÄ",0,0,0,I'm that voice of the dead I'm stain green I'm good music,"Lagos, Nigeria",19,979436569735106560,2018-03-29 19:14:09
AutoReportNG,#LagosTreks: Photos of how Lagosians trek due to Pres. Buhari's visit https://t.co/Q7B7ZxtUmi https://t.co/j0WO8pzUvT,0,0,0,"Giving you the best in Automobile reportage, a break from the norm. Giving you facts from the figures and lots more.","Lagos, Nigeria",53,979436527456460800,2018-03-29 19:13:59
MubarakTunde1,"@followlasg Dear admin,pls help me tell Ambode and Buhari that they're mad.
                                                              Yours sincerely.",0,0,0,,,27,979436515049857024,2018-03-29 19:13:56
CoolCaptain_,"The only buhari is useful for is describing a bad leader.
It's utterly appalling, I've really never heard this guy speak since he came to power. Man doesn't even have our time of we complain too much he leaves the house for us.",0,0,1,Man like Rash.   Everything gets clearer with hindsight.,Nigeria to the world. ,5152,979436427808313346,2018-03-29 19:13:36
OpTyMsTyk,Good grief! Mr President!?! Why did no one notice the distinction? A.D.King NOT M.L.King! https://t.co/4bTq5Sl6BZ,0,0,0,Live. Laugh. Love. Die. | 'People hate the truth. Luckily the truth doesn't care.' ~ Unknown,My Lane.,304,979436362666520576,2018-03-29 19:13:20
7evenMinutes,Tinubu Blast Obasanjo Over His Letters To President Muhammadu Buhari (Watch¬†Video) https://t.co/KGdxu0kvVo https://t.co/0TUsG5finv,0,0,0,We provide news and entertainment.,,601,979436357503324162,2018-03-29 19:13:19
DaSortOnline,Tinubu Blast Obasanjo Over His Letters To President Muhammadu Buhari (Watch¬†Video) https://t.co/wUQXoVGobd https://t.co/S1TLLlSHG6,1,0,0,,,545,979436346543693826,2018-03-29 19:13:16
ysone2,"@Abdulrahmanleme I'm sure he has realized his mistakes. Without Tinubu, Buhari is like a fish out of water, even those that he trusted as close allies like Amosun never meant well.",0,0,0,"Calm, kind, and brutally blunt.","Lagos, Nigeria",663,979436320014692352,2018-03-29 19:13:10
realOgbon,Lagos on shutdown as Pres. Buhari make historic visit https://t.co/HxshB9P9uO,0,0,0,FinTech Enthusiast || Digital Payments || Financial inclusion || Mobile Money Agent Networking . Tweets are personal opinion...,"Victoria Island, Nigeria",18,979436300112625664,2018-03-29 19:13:05
9jaTownCrier15,FG will give needed support to Lekki Deep Sea Port project ‚Äî Buhari - https://t.co/OlTCZaHvts,1,0,0,9ja finest digital marketing team! Na the work way we dey do,Nigeria,3089,979436297805811718,2018-03-29 19:13:05
SkytrendNews,"Rowdy Session, Tension At APC NEC Meeting Over Buhari‚Äôs Comments https://t.co/GOpcOJkhxN https://t.co/LzG1CfWMYD",0,0,0,Reporting Nigerian Political Economy Perspectives,"Lagos, Nigeria.",3630,979436280156049408,2018-03-29 19:13:00
denniskezeh,"@renoomokri @ProfOsinbajo Fashola said that Buhari govt didn't release even a dime in 2017 budget for roads. So there's no project, they completed in 3 yrs.",1,0,0,"Unique, kind & lovely!!",Lagos Nigeria,89,979436217073852418,2018-03-29 19:12:45
DanielTAdeyemi,"Muhammadu Buhari, the president [of Nigeria], cancelled his flight to Kigali at the last minute. There is an election next year, when he may run again, and he needs to keep powerful interest groups onside.... https://t.co/N6G2WjLXPb",0,0,0,"Friend. Change Agent | Interested in Technology, Design & Human Behavior |
 If you're not drowning you're a lifeguard!","Lagos, Nigeria",1473,979436215853309953,2018-03-29 19:12:45
Daniboy_CFC,"Tinubu‚Äôs remarks at colloquium, admittance of Buhari‚Äôs failure ‚Äì¬†PDP https://t.co/NY98cLNCFH https://t.co/PZbQZRvZyO",1,0,0,"I'm Daniel, a Blogger, Freelancer, an Online Marketer, an Entrepreneur.  
website: 
https://t.co/d24T5vOuXv
https://t.co/k7SDB5qrlr; https://t.co/TTf3E4vkuP",Ogba Ikeja Lagos Nigeria,810,979436170756096000,2018-03-29 19:12:34
mikeffiong,BUHARI VISITS LAGOS...Welcome Speech..@AkinwunmiAmbode wants @MBuhari to give National theatre and National staduim to @followlasg...I agree with him,0,0,0,"Proud Nigerian, Cerebral celebrity journalist, Editor of Ovation Magazine and  Perception Manager.Moderator #NECLive2017",LAGOS,1362,979436168885555200,2018-03-29 19:12:34
Ginika48410553,@renoomokri @ProfOsinbajo What are the buhari's infrastructure again,0,0,0,There is no pretence with me,Nigeria,13,979436121611493376,2018-03-29 19:12:23
Tawhida_,Why is buhari still president ? Someone please tell me.,0,0,0,2 cute. 2 Thick. Vain AsFuck.,27:03,2376,979436121221451776,2018-03-29 19:12:22
carr_grtrdcrr,#Bbnaija Efe and Buhari üòÇüòÇ am I the only seeing how much they look alike here üòÇ https://t.co/TakC1R1OIv,0,2,1,"Selena Gomez. Iwuchuku Marianne Ahneeka. 

Woe Onto Anyone Who Thinks he/she/it Issa Savage Enough To Crawl Into My Mentions üòÇüòçüòçüòòüòòüòò A F R I C A N.",,393,979436113701015554,2018-03-29 19:12:21
ChuksMultiP,@NGRPresident @MBuhari @followlasg Buhari is soooo ancient that this looks so huge in his sight.,1,0,0,"God's son,musician,actor.
Participatory .",Lagos Nigeria,465,979436104288997380,2018-03-29 19:12:18
usmanaliyuuba,"On #Newsfeed @trtworld discussing controversy over #Nigeria President #Buhari  receiving African Leadership Award 2018, which @TheKingCenter #MLK  disowned.                                             https://t.co/v6b9MDfrO9",0,0,0,Journalist @TRTWorld // #Africa Desk- tweets are personal+RTs not endorsement.,Turkey - Nigeria,603,979436053848317952,2018-03-29 19:12:06
infinity4fcb,"@OlayinkaLere Muhammadu Buhari was elected president of Nigeria 3 years ago today.

It's been 3 years of unprecedented WASTE!!üò≠",0,0,0,Praise (Imolite). Statistician & political analyst. Advocate for a better Nigeria. #DieHardBARCAFAN,"Uyo, Nigeria",517,979436019681583105,2018-03-29 19:11:58
ugo_ignatius,"The world‚Äôs richest man; Bill Gates came to Nigeria we didn‚Äôt hear anything, the daughter of the richest man in the country had a wedding party low key.
Buhari,I want to ask you something. Are you in anyway wiser than these men?
The biggest national disgrace and roads are blocked",0,0,0,Metallurgical Ing.|Social Media Strategist|Sports Writer|Radio Analyst|Entrepreneur|Travel agent|Fund Manager-|Fx|Future President|9ja-GH breed üá≥üá¨üá¨üá≠,"Lagos, Nigeria. ",611,979435910835122176,2018-03-29 19:11:32
Plainol1,"@tvcnewsng @ProfOsinbajo @BabajideOtitoju If not for Fashola's performance in Lagos, there wouldn't have been anything for ACN to campaign with.

Hence, the ease of ACN/APC to have flown into other regions.

Something which made it easy for Tinubu/Buhari/Osinbajo/El-Rufai/Amaechi to have campaigned with in 2015.",0,0,0,"Studied Interior and Exterior Decoration @ Federal University of Agriculture, Abeokuta.

A guru in tiling, glass block and paving stones setting.",Nigeria,112,979435858448322561,2018-03-29 19:11:20
pearlcomng,"PDP: Tinubu‚Äôs Remarks at Colloquium, Admittance of Buhari‚Äôs¬†Failure https://t.co/qvreXN677C",0,0,0,,,218,979435830522630144,2018-03-29 19:11:13
uzuazo1,"@waleSUCRE @dadiyata When did @MBuhari turn God? Asking citizens going about their businesses not to use the pedestrian bridge because a so-called Buhari wants to fly over it, it only goes to show how low ""these people"" conceived of us. We are gathering our reasons on a daily basis for your ouster",0,0,0,I'm Maro | Public Affair Analyst | Sociopsychologist | Content Developer | and a Typical Nigerian who believes strongly in the Nigerian Project.,"Lagos, Nigeria",213,979435830115799041,2018-03-29 19:11:13
VoicingNG,PDP mocks Buhari over controversial Martin Luther King award https://t.co/GCVHNxl4qC https://t.co/mZ8zvUUiRG,1,0,0,The source of real Nigerian content...straight to your eyes.,Worldwide,24437,979435785643442176,2018-03-29 19:11:02
DjPOEPE,Fuck Buhari Twitter.....Where the fun Twitter at?,0,0,0,"The official Twitter handle of DjPOEPE. 
FOR ENQUIRIES & BOOKINGS:+2347033068444, Djpoepe@gmail.com
IG: @Djpoepe
Lagos...link üëá",Nigeria,3318,979435699907776514,2018-03-29 19:10:42
Anuseyi,@Lifematician Who is the people's choice? Cos if the votes are shared Buhari will still enter,1,0,0,Son of the King; Royalty,Nigeria,10782,979435693096296453,2018-03-29 19:10:40
iamDavidlove,@Ubekas @OfficialAmeko Quote me dude! Assumption is not my style! Buhari is SCAM,1,0,0,"Most Jovial Human Alive!! 
Computer Scientist!!
Eager to learnüí™",Port Harcourt,1128,979435657042055168,2018-03-29 19:10:32
HappeningsRadio,President Buhari To Commission $1.5 billion Lekki Deep Seaport - https://t.co/NGS9APvfiX,0,0,0,"The online radio platform for unlimited music and interactive entertainment. If you want rhythm, we've got you covered!
It's the blog with a mouth!","Victoria Island, Nigeria",2351,979435656593190914,2018-03-29 19:10:32
NaijaCelebrity_,"Martin Luther King Jr.‚Äôs family distances self from award to Buhari, Presidency reacts https://t.co/Bbl6H6IZ4T",1,0,0,,Nigeria,1839,979435645843197953,2018-03-29 19:10:29
NaijaCelebrity_,'President Buhari to embark on medical leave April 1st' https://t.co/hZFF4pyQdj #featurednews,0,0,0,,Nigeria,1839,979435644341637122,2018-03-29 19:10:29
Salysu,"GREAT VICTORY!!! President Buhari Follows Ex-President Goodluck Jonathan‚Äôs Historical Footsteps, Makes Powerful ...
https://t.co/15dSO7TW2G",1,0,0,Follow me on instagram: @ThisisKingSal,London,958,979435601316458496,2018-03-29 19:10:19
DewunmiLagos,"So when my kids are going to school and they start asking for facts about Nigeria, I'm sure this will be one of those facts. 

Do you know that on 29th March 2018 the president of Nigeria (Mohammadu Buhari)... https://t.co/pk9kY7p2az",0,0,0,"Convener #PvcGoJudge 
This is Dewunmi Lagos  https://t.co/lKKKfdOEYm‚Ä¶","Lagos, Nigeria",775,979435600775450624,2018-03-29 19:10:18
GASLAWS,"Lesson: If it's not raining in your city or state in a long while, just invite #Buhari to come and commission just a bore hole and you will bless God",0,0,0,Easy,"Lagos, Nigeria",133,979435587424931841,2018-03-29 19:10:15
TheDailyNaija,"President Buhari Makes An  ""Unforgettable"" Visit To Lagos   [PHOTOS] https://t.co/5mjN8TzwK7 via @TheDailyNaija",0,1,0,We are Nigeria's prime media outfit offering interesting perspectives on News in Nigeria and all over the world.,,54,979435578583322624,2018-03-29 19:10:13
newspost247,Easter: Full text of Buhari‚Äôs message to Christians https://t.co/TYL7j3Nsu5,0,0,0,news around the world,"Brussel,Belgium",574,979435577354440705,2018-03-29 19:10:13
Berbierklaus,"""Stop Playing God, You Admitted Buhari &amp; APC Have Failed"" - PDP Slams Tinubu https://t.co/CfALv0e5V8",0,0,0,"IG @berbierklaus üì∑
SC  berbierklausüç∏
I follow back.

If you love your sanity,don't take the internet seriously,especially twitter.",,1052,979435562519203841,2018-03-29 19:10:09
Salysu,"VICTORY! President Buhari Follows Goodluck Jonathan‚Äôs Historical Footsteps, Makes Powerful Declaration Ahead Of 2019 https://t.co/QfXaQeKVwe",0,0,0,Follow me on instagram: @ThisisKingSal,London,958,979435544357810177,2018-03-29 19:10:05
CoolCaptain_,"Buhari told us GEJ failed.

How am I supposed to trust what buhari said.

That's just an angle.

All I know is life was better, and that's the truth. https://t.co/H8KS4g06bF",1,0,0,Man like Rash.   Everything gets clearer with hindsight.,Nigeria to the world. ,5152,979435535516266496,2018-03-29 19:10:03
UkYesnews,Buhari To Borrow $15 Billion To Complete Port Harcourt ‚ÄìMaiduguri Rail¬†Project https://t.co/5aAGr1LEAA https://t.co/y6hVgmA6dP,0,0,0,"Yes News showcases the latest news and headlines around the world (Music, Fashion, Politics, and more)","Lagos, Nigeria",61,979435499441008641,2018-03-29 19:09:54
Tharyeebah,"Buhari can be all that, but I don't wish him death.",0,1,0,ÿ™ÿ≠ŸÅÿ© ÿßŸÑŸÑŸá¬†üëºüèΩ ,Dreamville ,7057,979435489450254336,2018-03-29 19:09:52
DonTheMerchant,"As soon as Buhari leaves, I expect Cleaner Lagos to do the needful at Ikeja and environs he stepped his foot in.
Nonsense!!! https://t.co/CveOZCuOn8",0,0,0,A Litterateur.,Nigeria,1898,979435487579516928,2018-03-29 19:09:51
kkp4real,"@SaharaReporters @officialEFCC @OfficialPDPNig Who's Tinubu to tell us what to do, in this 21st century. If we decide not to accept PDP, are we going to continue with the killing spree under Buhari or his incompetent way of handling d affairs of the country. If APC want us to listen, they should present a competent candidate",0,4,1,"Media consulting, Corporate Branding, Reporter/Correspondence, Events Manager etc.","lagos, nigeria",180,979435482248613888,2018-03-29 19:09:50
lawsbollnews,"Buhari landmark achievement for the past three years 
1. Dapchi invasion
2. Fulani invasion/reposition
3. Boko haram re-engineering
4. Citizens division along ethnic and religious line
5. Brainwashed and re-washing of their disciples",0,0,1,"https://t.co/5450IgHtvfNews around the globe, Sports and GOSSIPS Contact for details +2348148336761 email: modebolalawrence@gmail.com or resque11@yahoo.com","√úT: 6.635923,3.2874514",692,979435445552648192,2018-03-29 19:09:41
blingxblog,Lady Arrested in Lagos For Trying To Use A Bridge Shut Down During Buhari Visits... https://t.co/U2cz93k4XW,1,0,0,"Blingxblog is the destination for News, Business, Celebrity gossip, Investment, lifestyle, Sports and many more.","Lagos, Nigeria ",116,979435431518449665,2018-03-29 19:09:38
JobiLive,"2019: Rigging, political violence belong to dustbin of history ‚Äì¬†Buhari https://t.co/LFMSz7dz8g https://t.co/UL7HPARlXZ",1,0,0,Publisher,"London, England",203,979435418646130688,2018-03-29 19:09:35
Udokabestluv,Tinubu Blast Obasanjo Over His Letters To President Muhammadu Buhari (Watch Video): While‚Ä¶ https://t.co/zM0hsz0fBy,0,0,0,"Im udokabestluv by name, i love making new friends from all part of the country
Always Visit https://t.co/9XQ9Odsa1G For 24/7 Update",Nigeria,93,979435415131312136,2018-03-29 19:09:34
Udokabestluv,Tinubu Blast Obasanjo Over His Letters To President Muhammadu Buhari (Watch¬†Video) https://t.co/aoVlfPM0Rx https://t.co/2X5Kz97Sko,0,0,0,"Im udokabestluv by name, i love making new friends from all part of the country
Always Visit https://t.co/9XQ9Odsa1G For 24/7 Update",Nigeria,93,979435395602698240,2018-03-29 19:09:29
Da_Geoffe,"Can someone help me out with this government,is hate the problem we are now facing or herdsmen??? Just a question please https://t.co/pM9nw8Yhxu",0,0,0,Make the world a better place#Gods servant#Music lover#writer#parenthal/kids counselor#love is the best gift we can share without price bcs its free,Globe,309,979435373804826629,2018-03-29 19:09:24
maestroroy,"Buhari quietly treated lagosians as if they all have the Ebola virus or something deadlier 
I mean why block people for miles? 
I wonder what he'll do when he comes to Rivers State where he was once threatened not to near
We might all be asked to stay indoors",0,0,0,"Growth
Focus
Insight 
IG: roy_sirim
#Atiku2019",PH,37062,979435342192431105,2018-03-29 19:09:17
WORBLO,üòÅ sadly God get prayer template. This one no hold water otherwise with all the prayers in 2015 Buhari would be dead and gone by now. Focus energy on mobilization and pvc https://t.co/vWuOg42iLh,0,0,0,Strategy & Business Developer | Turn-Around expert | Business Consultant,"√úT: 6.563426,3.387167",543,979435326304374784,2018-03-29 19:09:13
EbiIsQuiet,"2019 election might just be a 'Buhari Out' event, similar to Black Panther premiere",0,0,0,Events & Public affairs/Web & Social media PH (Cool FM/Wazobia FM/Nigeria Info) #MUFC #ENDOCLAN #CapitalQ,,1754,979435251289264135,2018-03-29 19:08:55
Myrealgist,Tinubu Blast Obasanjo Over His Letters To President Muhammadu Buhari¬†(Video) https://t.co/oNSemrfEwD https://t.co/kk8EDn0B2B,0,0,0,"Myrealgist: African Website for Real News,   Celebrity Gossip, Relationship Tips,  Fashion Updates,  Comedy Skits, Entertainments and General Updates.","Lagos, Nigeria",88,979435224747724802,2018-03-29 19:08:49
myborbyboy,"@APCUKingdom @NGRPresident @MBuhari @followlasg @AkinwunmiAmbode @ToksAfikuyomi @abikedabiri @GarShehu @akandeoj @apcyouthomoodua @APCYouthUK @Mr_JAGs @DOlusegun @dgebis @hbgumi @gebusites @Johannxs @JackObinyan ""Lagos goes gaga for buhari""?.indeed after making life miserable for us today...u dis @ APCUkingdom  u think bcos u are ""in d abroad""..buhari shld finish us with hardship here  abii.....thunder is still doing press sha..",0,0,0,Economist..#HR enthusiast#..Nothing can hold you back ..more than your own insecurities# LIVERPOOL #..#Que.Sera..sera,,202,979435190874529792,2018-03-29 19:08:41
ahmadmu21710388,Tinubu Blast Obasanjo Over His Letters To President Muhammadu Buhari (Video): While‚Ä¶ https://t.co/BkzdrHSeQF,1,0,0,"My the blessing of Allah b upon d seal of our grt Prophets, Abraham, Nuhu, Moses, Jesus n muhammad (SAW) and doz who follows their futsteps",Kaduna ,490,979435174420246528,2018-03-29 19:08:37
gedeon_oe,You guys dumb af. Fucking retards wtf cares about buhari I could've move today https://t.co/ZrxTecIIGe,0,0,0,professional transparency advocate #FCB,africa,2040,979435128735916038,2018-03-29 19:08:26
uthmanmando,"PRESIDENT MUHAMMADU BUHARI‚ÄôS 2018 EASTER MESSAGE TO THE NATION

Fellow Compatriots,

I am indeed delighted to join our Christian brothers and sisters to commemorate this year‚Äôs Easter celebration.

We thank the... https://t.co/nbvcpSxH0h",0,0,0,DG at Usmando Engineering Company. Computer and Electrical/Electronics Engineer,Kaduna,673,979435062679699457,2018-03-29 19:08:10
DonaldRex,PDP mocks Buhari over controversial Martin Luther King award https://t.co/4RIDEr4yNg https://t.co/I8E7cjtLi3,1,0,0,"Blogger, Movie Critic +2348071310460. Contact us for publicity. Lets Keep You Informed- Breaking News, Sports, Entertainment, And Everything In Between","Lagos, Nigeria.",11154,979435036716838913,2018-03-29 19:08:04
pmnewsnigeria,"Buhari tasks political actors, stakeholders on peace, social justice https://t.co/mFZ2Bmsntb https://t.co/h3N1BZI2SZ",1,0,2,First with Nigerian News ‚Äì Nigeria's leading evening newspaper,"Lagos, Nigeria",440186,979435023894904832,2018-03-29 19:08:01
Alwayzfaithful2,"Buhari and Nigerian government, the disgrace constructed on morality by the living bastards https://t.co/tmguPA7HWB",1,0,0,"Am an Activist, and news reporter",Ghana,209,979434968605777921,2018-03-29 19:07:48
Naijadailyfeed_,Tinubu Blast Obasanjo Over His Letters To President Muhammadu Buhari (Video) - https://t.co/TSYuz0YDWG,0,0,0,"I'm a Reliable realist ‚ö´ Blogger ‚ö´Content Curator ‚ö´
i tweet Latest Gists in Politics, Entertainment, Sports & Business. #FollowMe and i #FollowUback. Proudly9ja",Nigeria,3623,979434868655312896,2018-03-29 19:07:24
TheGidiBoyCooP,This just in: You could seek asylum in any country of your choosing by claiming Buhari is your president. üòÇüòÇüòÇ,0,0,0,#Insta: @thegidiboycoop #Snap: gg_zeus,Where gods roam,1045,979434840339681281,2018-03-29 19:07:17
bct_tv,NIGERIA: FAMILY OF MARTIN LUTHER KING DENY GIVING AWARD TO BUHARI https://t.co/tz0XwGgAPS,0,0,0,"BCT WORLD TV #BIAFRA WORLDWIDE, #BIAFRANS ARE; IGBOS, IJAWS, ITSHEKIRI, UROBO, ANANG, IBIBIO, IGBANKE, IGBAKIRI AND EFIK. CHUKWU OKIKE ABIAMA GOZIE UNU.",www.radiobiafra.co,154,979434810212003840,2018-03-29 19:07:10
royaljosh,"@ashani00 @adeshina_ajasa @pius_adesanmi One candidate that comes to mind is Lateef Sadik. He uses Twitter personally, has WAEC, is younger than Buhari. He also has a NEPA bill that annoys him. He goes to his job compared to Buhari whose business is owning 150 cows since 2003. Lateef Sadik at least will get my vote.",0,0,0,Writer|Poet | IT Tech| Football Cognoscenti | AC Milan|Rangers Intl & Super Eagles | TREM| Web Marketing | Greatness made - https://t.co/n2QM4CWuUi,Lagos,601,979434787894067200,2018-03-29 19:07:05
Apadious1,"@NGRPresident @MBuhari @followlasg I‚Äôm ashame to associate with this government,we suffered in Lagos today because Buhari came,can‚Äôt he come and use a chopper to his venue,must we suffer every time
I must get my pvc,this rubbish must end in 2019",0,0,0,"blogger,content manager and event management",Lagos,82,979434697565655041,2018-03-29 19:06:43
dmightyangel,"@ALOFFAWY @MBuhari @adamugarba Who is Adamu Garba again?
How many people Buhari alone should step down for?
See confusion o, who be Adamu Garba again oüòÇüòÇüòÇüòÇüòÇüòÇ",0,0,0,Disciple of Jesus | Husband of one wife | A Responsible Father | Network Engineer | Passionate about Politics & Kingdom views | I can win by Righteousness,Nigeria,1564,979434582067105792,2018-03-29 19:06:16
olajay86,Tinubu Takes A Swing At Obasanjo Over His Letters To President Buhari (Video)  https://t.co/L9rFvlR0ym,0,0,0,"NIGERIAN MONITOR BREAKING NEWS | TITOPE BLOG
Politics, Crime, Romance, Jobs/Vacancies, Career, Business, NYSC, Education, Culture, Religion info@titopeblog.com","Ikoyi, Lagos State",202,979434564400578561,2018-03-29 19:06:11
AdelajaAdeoye,"Buhari's Visit To Lagos: Declaring Public Holiday Wasteful, Unnecessary - ADP | Sahara Reporters https://t.co/xsZcFiy16u via @AddThis",0,0,0,Politician - @ADPLagos Publicity Secretary - Social Media Strategist - Blogpreneur - Wailer - Lover of Democracy - ProNigeria.,"Abuja, Nigeria",4173,979434553474535424,2018-03-29 19:06:09
ADPLagos,"Buhari's Visit To Lagos: Declaring Public Holiday Wasteful, Unnecessary - ADP | Sahara Reporters https://t.co/t0PcrZSdRU via @AddThis",0,0,0,"Official Twitter Handle For Action Democratic Party (ADP), Lagos Chapter. Managed By The Office Of State Publicity Secretary, #JoinADP.","Lagos, Nigeria",466,979434552996368385,2018-03-29 19:06:09
yemi_alade1,Photos Of President Buhari At The Bola Tinubu¬†Colloquium https://t.co/mvj3pYpTNg https://t.co/BmaJvIAr8V,0,0,0,music!!!!,,2803,979434504292126725,2018-03-29 19:05:57
shyke_imustalk,Photos Of President Buhari At The Bola Tinubu¬†Colloquium https://t.co/A522fdqCnH https://t.co/DWKgI6YSOE,0,0,0,"PR/DIGITAL MEDIA EXPERT; PROMOTIONS: Music, Product, Brand, Event, Trends and Hypes, News...
Imperfect+unique+different=ME;
CONTACT: admin@imustalk.com",In d great king's arms,8601,979434490656448519,2018-03-29 19:05:54
emmadon_link,NIGERIA: FAMILY OF MARTIN LUTHER KING DENY GIVING AWARD TO BUHARI https://t.co/6l0HmAFtkw,0,0,0,#Human Rights Campaign: strengthening the promotion and protection of equal human rights and Justice around the globe.,,1054,979434489830150147,2018-03-29 19:05:54
imustalk,Photos Of President Buhari At The Bola Tinubu¬†Colloquium https://t.co/v3b70LY7SE https://t.co/kXyYLXkCRF,0,0,0,FOR ON-LINE MUSIC/MEDIA PUBLICITY CONTACT US VIA- +2348060190675 || admin@imustalk.com,Nigeria,1916,979434476261474304,2018-03-29 19:05:50
Terglobe1,"Fun in Lagos: Stylish Cake Bola Tinubu Used For His 66th Birthday Celebration (Photos)
President muhammadu Buhari and his Vice President... - Inserts the excerpt of the post (processed) https://t.co/pJL2WZUqap",0,0,0,"Keeping you up to date with the latest news,Tech, events and happenings in the world.",Federal Capital Territory,6,979434463615700992,2018-03-29 19:05:47
itz_official_ld,Photos Of President Buhari At The Bola Tinubu¬†Colloquium https://t.co/J8kPMMEYRM https://t.co/MKDw5zrjYo,1,0,0,"performing artists , songwriters, duos, signed artist to Ted Music Group (TMG)
https://t.co/UHgsgHGGnB contact:09055006208  lileleeedward@gmail.com",Nigeria,509,979434399262560257,2018-03-29 19:05:32
Alwayzfaithful2,"@TheKingCenter ... After the greatness of Martin Luther King Jr, Buhari of Nigeria planned to destroy his reputation in mud",0,0,0,"Am an Activist, and news reporter",Ghana,209,979434378274201600,2018-03-29 19:05:27
JobiLive,"Tinubu‚Äôs remarks at colloquium, admittance of Buhari‚Äôs failure ‚Äì¬†PDP https://t.co/VnaAF5WpJh https://t.co/01BvIRjy4h",0,0,0,Publisher,"London, England",203,979434339787247616,2018-03-29 19:05:18
MrAyeDee,"So Buhari is responsible for all those things, or was he expected to change the environment, climate and weather ? https://t.co/EJg54LDSm7",1,0,0,Africa & Middle East Public Policy & Security Expert. ŒëŒ¶Œë,"Lagos, Indy, NYC, Abuja",45254,979434316055896064,2018-03-29 19:05:12
HRG_Adeola,Photos Of President Buhari At The Bola Tinubu¬†Colloquium https://t.co/JL1bqWLnAF https://t.co/yxAKeiDfb9,0,0,0,"‚ô™ PR Practitioner, Blogger, pako breed, no form shit ¬∂ MUFC‚Ñ¢¬≤ Bbm: 5339FF97","Lagos, Nigeria",409,979434312058724352,2018-03-29 19:05:11
absolutehearts,"President Buhari's visit: Pictures of the newly commissioned Ikeja Bus Terminal. 
#PMBInLagos 
#AHM #AbsoluteHearts https://t.co/M7Y6SMfoeY",1,0,0,Absolute Hearts Media is Africa's leading #Digital #Marketing & #Online #Media company. #DigitalMarketing #SocialMedia |Email: publisher@absolutehearts.com,Nigeria,2629,979434185566892032,2018-03-29 19:04:41
iam_beehorlar,So what exactly did lagosians gained from the Buhari visit today??,0,1,1,Mufc is the Team‚öΩ Goal is to be successfulüí™UGLY üëΩüëΩ üî¥üî¥,"Maryland, USA",2241,979434172019331076,2018-03-29 19:04:38
theyarnspinna,It‚Äôs almost like Buhari‚Äôs intention or plan for his presidency na just to flex the flex he couldn‚Äôt flex as Head of State then.,1,0,0,Content & Creative Freelance Writer/Editor | Football & Environment Enthusiast,"Lagos, Nigeria",1264,979434153975394304,2018-03-29 19:04:33
onyekadyke,@CelestineFA1 @OfficialPDPNig @APCNigeria @feladurotoye @MoghaluKingsley #DonaldDuke #ThomasIkubese @oluremisonaiya and any other sane person running for presidency. These are real options. Let's stop convincing ourselves that we are doomed. Nothing can be worse than Buhari.,0,1,0,"Writer, Editor, Biographer, Communication Specialist, Public Speaker, Publisher and Closet Political Strategist. CEO @ Ready Ink Intl. https://t.co/UoZdTqZ8LM","Lagos, Nigeria",1005,979434143800004608,2018-03-29 19:04:31
Taiwo_001,"What the fuck is all these, buhari should stay in his house, pls we don't need him in Lagos bcos of him now almost everywhere in Lagos is blocked. Bn driving around everywhere is blocked.",0,0,0,,,376,979434121360486400,2018-03-29 19:04:26
ImuedeBright,@stalyf Yes I have my PVC.  Who will I vote to replace Buhari?  I am not just interested in voting out Buhari but I am much more interested in who replaces him. I do not want to repeat the mistake of 2015.Answer me abeg.,0,0,0,"A dad, a husband, an Accountant, a Banker, a Tax Officer, an Investment Analyst, a Fitness Enthusiast","Lagos, Nigeria",267,979434085855657985,2018-03-29 19:04:17
NGRWailers,"Buhari's Visit To Lagos: Declaring Public Holiday Wasteful, Unnecessary - ADP | Sahara Reporters https://t.co/b53vPsz9NU via @AddThis",0,0,0,"Official Twitter handle for Nigeria's foremost Pro-Democracy Movement. Mail - NGRWailers@yahoo.com, Telegram Chat Room https://t.co/l9pUmC1boA","FCT, Abuja, Nigeria.",20446,979434032139309056,2018-03-29 19:04:04
NG_DailyNews,"PDP Replies Tinubu: You Admitted Buhari, APC Have¬†Failed https://t.co/bv9OJDhBT3 https://t.co/RgETZ2wxNC",1,0,0,"Latest news in Politics, Ent,Sports, Got a Breakin News ? Mail Us Admin@ngdailynews.com","Lagos, Nigeria",11388,979433965768585216,2018-03-29 19:03:49
mz_zhainabb,Easter: Full text of Buhari‚Äôs message to¬†Christians https://t.co/pzsU78QYd9 https://t.co/PBEp2c3eFH,0,0,0,,,149,979433936093892609,2018-03-29 19:03:42
WunderKidBlog,Easter: Full text of Buhari‚Äôs message to¬†Christians https://t.co/tfpTNIlKTI https://t.co/qJ2F7zO7tn,0,0,0,WunderKid Blog | WunderKid Blog Media Houze | Personal Blog | Digital Agency | Brand Promotion | Social Media Publicist,"Lagos, Nigeria",1270,979433928133152771,2018-03-29 19:03:40
bizzyboneee,Easter: Read Full Text of Buhari‚Äôs Message to Christians https://t.co/XIc9RllMPi,0,0,0,"‚òÄlove my family ‚ô•I discus ideas ,Paradise to my right and Hell to my left ‚ò∫", ,1252,979433904313720837,2018-03-29 19:03:34
CFATMUSIC,Tinubu Blast Obasanjo Over His Letters To President Muhammadu Buhari (Watch Video): While‚Ä¶ https://t.co/AtP6vSj3to,0,0,0,Music is the best energy!,NIGERIA,1103,979433889545555968,2018-03-29 19:03:30
Picaso___,Buhari is actually very mad o,0,0,0,Cooperate Gangster,Promise Land,699,979433880443871232,2018-03-29 19:03:28
Lord__Dexter,Buhari helps out. Nah! You guys shouldn‚Äôt have tweeted this. https://t.co/17gVL2PfHK,0,0,0,"In a world of abundance, lack is a choice.",Nigeria,875,979433807794376704,2018-03-29 19:03:11
9jaclicktivist,"After all their Shakara and grandstanding from Lagos people üá≥üá¨, they all trekked for Buhari üíØüòâ üòÄüòÄ https://t.co/NXf5HnBEea",1,0,0,‚Ñ¢Blogger| Clicktivist | Voice of the street | Entrepreneur.            ‚úâtapreadwebmaster@gmail.com.                                       ¬©Tap Media Inc ‚òÄ,"EARTH, CYPRUS, ACCRA, LONDON, ",7253,979433791604305920,2018-03-29 19:03:07
Heronmack,Is Buhari in Ibadan ni? Because I don't understand why there's crazy holdup.,0,0,1,"No mental strength to come up with a Bio | Lover of Vintage Fashion and Arts | Fashion Model.

Snapchat ET Instagram : tteggss",üá≥üá¨,3088,979433750567190528,2018-03-29 19:02:57
razorsmile,@jeffphilips1 Of course Buhari will win. How else can we continue the suffering?,1,0,0,"dead trees, filthy lucre and everything in between. also, wakandaforever",,169,979433709081423872,2018-03-29 19:02:47
Velox_News,PDP mocks Buhari over controversial Martin Luther King¬†award https://t.co/IVhuddQ2F6 https://t.co/GytD72wRtu,1,0,0,Nigeria Breaking News on the Go!,Nigeria,570,979433690420989953,2018-03-29 19:02:43
chubby_mofo,"Buhari became president, Nigerians suffer. Buhari came to Lagos, Lagosians Suffer. This Buhari is just an architect of suffering.",0,1,0,,,140,979433658930094080,2018-03-29 19:02:35
_forevermonsur,"Someone challenged Nigerians to name ONE federal government project initiated, completed and commissioned by Buhari since he came to power 3 years ago and win N100k",1,1,0,,,264,979433655755071488,2018-03-29 19:02:35
Shigoopompey,"@Holawhunmee Lmaoooo. See you.....Home sweet abeg. After all, Buhari is around üíÉ",0,0,0,An individual without any love üíï for Construction üöß CAN‚ÄôT be considered completely Civilised. | Retweet DON'T signify agreement‚ùå| MUFCüíù‚öΩÔ∏è,United with Ireteeh ,39797,979433632095002624,2018-03-29 19:02:29
7evenMinutes,"PDP Replies Tinubu: You Admitted Buhari, APC Have¬†Failed https://t.co/f0xH3tautG https://t.co/ZFvio7KJbn",1,0,0,We provide news and entertainment.,,601,979433605125488640,2018-03-29 19:02:23
DaSortOnline,"PDP Replies Tinubu: You Admitted Buhari, APC Have¬†Failed https://t.co/uveuDoRvlk https://t.co/S7E60sTMUn",0,0,0,,,545,979433591535951872,2018-03-29 19:02:19
mz_zhainabb,This lady was arrested while using a bridge shut down because of Buhari in¬†Lagos https://t.co/kwoRaTLwrR https://t.co/lmfUyINneN,0,0,0,,,149,979433578982453249,2018-03-29 19:02:16
WunderKidBlog,This lady was arrested while using a bridge shut down because of Buhari in¬†Lagos https://t.co/7bYjiWwKtT https://t.co/iEKd96cScX,0,0,0,WunderKid Blog | WunderKid Blog Media Houze | Personal Blog | Digital Agency | Brand Promotion | Social Media Publicist,"Lagos, Nigeria",1270,979433571856388097,2018-03-29 19:02:15
otupuku,"Pray For Return Of Those In Captivity, Buhari Tells¬†Nigerians https://t.co/NrEoi66BpF https://t.co/AbtuC4CDIw",0,1,0,Social Media Manager / Web And Graphics Designer,United States,1618,979433559118229504,2018-03-29 19:02:12
DesertTavern,"Pray For Return Of Those In Captivity, Buhari Tells¬†Nigerians https://t.co/IySeZskSWJ https://t.co/Srh5kEOaH8",0,0,0,Social Media Manager / Web And Graphics Designer,United States,4406,979433550507278337,2018-03-29 19:02:10
FiresOfOrc,"Depending on your route, the Buhari trafficalypse was either horrible or overstated.",0,0,0,Hammer Horror.,"√úT: 6.47085,3.64053",67,979433542945005568,2018-03-29 19:02:08
IrokoPress,"Pray For Return Of Those In Captivity, Buhari Tells¬†Nigerians https://t.co/75YFsQeSuL https://t.co/rBj68cbVYa",1,0,0,Social Media Manager / Web And Graphics Designer,United States,5846,979433542114533381,2018-03-29 19:02:08
streetcurb,"Pray For Return Of Those In Captivity, Buhari Tells¬†Nigerians https://t.co/YRxQSZbcfB https://t.co/ziuzXnciqh",0,0,0,Social Media Manager / Web And Graphics Designer,United States,2668,979433531880497152,2018-03-29 19:02:05
JesseUka,"President Buhari (3yrs) vs President Jonathan (5). [Hope For Nigeria]

Goodluck Jonathan:

*9 Universities, 
*127 Almajiri schools, 
*27 Special Girl schools
*2,971 Health Centres. 
*22 Federal airports renovated... https://t.co/FwSQqM8S9V",0,0,0,"Politician/Footballer/Comedian//Song Writer/Entertainer/Peace Ambassador

For Bookings & Enquries Contact:
+2348167900239

Jesseukachukwu@yahoo.com","Nigeria, Planet Earth",314,979433480462446592,2018-03-29 19:01:53
manlikeglover,@The_Ronke Especially that of Buhari üòÇ,0,0,1,Original Lagos Boy | CEO @worldtrends8| #MUFC | Blogger | Actor | #TeamTobi,"Lagos, Nigeria",1822,979433406353338368,2018-03-29 19:01:35
TheTobiSmith,"The name of Buhari‚Äôs travel Blog has to be CFAR. 
Catching Flights Avoiding Responsibilities.",0,9,5,"learning, living, loving.","Texas, USA",6008,979433391400550400,2018-03-29 19:01:32
AfropagesEn,DailyPost Ng - Peace Corps: Why Buhari should assent to bill ‚Äì Ohanaeze youths @AfropagesEn https://t.co/STsRUOOm98 https://t.co/IsUKhlZSXM,0,0,0,"Synthesis of Information from #Africa . 
In french : @Afropages",,147,979433224215592961,2018-03-29 19:00:52
SundiataPOST,"Easter: Buhari urges political actors, stakeholders to work for peace, social¬†justice https://t.co/wkZhZg4BYf https://t.co/NMCcmgJhcO",1,0,0,"Nigeria's Most Authoritative Online Newspaper| Local, Regional and Global News in Real Time|‚òé: +234(0)7043280347| ‚úâ: info@sundiatapost.com",Nigeria,13558,979433216040980481,2018-03-29 19:00:50
OloriSupergal,"IKEJA BUS TERMINAL COMMISSIONED TODAY

The announced Ikeja terminal commissioning held today in Lagos. The president of Nigeria, president Muhammadu Buhari was around to officially commission the bus terminal.

The Terminal is one of the flagship transpo‚Ä¶ https://t.co/bbAGllSis8 https://t.co/hBenhBmugv",1,0,1,"#Digital #Media #Strategist | #Content #Creator #InfluencerMarketing | #Entertainment page hello@olorisupergal.com +234 7060 907 388 
Retweets not endorsement","Lagos, Nigeria",102814,979433198512898049,2018-03-29 19:00:46
Kobabaunlimited,"Am owing Facebook $250 and I wanted to pay today, but I heard Buhari is traveling to his favorite London soon, so I will wait and let the dollar drop small. This is good news!!",0,2,0,"Comedian, Compere,Motivational speaker & Writer, Event host, Entrepreneur, CEO Talkaholic Unlimited",Port Harcourt ,1040,979433189755277316,2018-03-29 19:00:44
iamokohic,"Come to think of it..

Your President Buhari went to Benue only to be treated like with contempt

No wonder...

He now went to Lagos,they went and hired people to come and sing praises for him. Nigeria is nothing but a film script. Shameless country.",0,0,0,Entrepreneur Self-employed Optimist,Nigeria,158,979432744928280576,2018-03-29 18:58:58
Isallovah,So you won't go and greet Buhari. What kind of host are you sef https://t.co/RExNZZHjZl,0,0,0,"calm, collected, cool.. Life is sweet dont let others ruin it for you.. #ManchesterUnited #youngwildandfree",Ontario,218,979432400907317248,2018-03-29 18:57:36
CybokNews,"CybokNews Now: (Buhari preaches love, peace at Easter) has been published on CybokNews - https://t.co/05OqPMTOwU https://t.co/mFFyPtHcAP",0,0,0,"CybokNews is an independent, liberal online newspaper committed to the right of the individual to pursue his economic happiness, without undue interference.",Lagos,123,979431952813043715,2018-03-29 18:55:49
CapazOosha,"Stop playing God, you admitted Buhari, APC have failed ‚Äì PDP fires back at Tinubu https://t.co/orqfWM34qx",0,0,0,"Through Faith the Weak times can Become the Peak times, just be strong stay focused ‚òù and never run Anybody's race ‚òù Just be yourself",Kansas ,656,979431498154586112,2018-03-29 18:54:00
IndependentNGR,"Buhari's Visit: Lawyers, TUC, Others Defy Police, Stage Anti-Tax Protest https://t.co/gwVCLscpJN",0,0,1,"Independent Newspapers, RC 419927, publisher of INDEPENDENT Monday - Friday, Saturday INDEPENDENT and Sunday INDEPENDENT. FB: IndependentNgr IG: IndependentNgr","Ikeja, Lagos, Nigeria",15217,979430944816881669,2018-03-29 18:51:48
karlDick2,Children're very Special in God's eyes. They're d future of any society. But in Nigeria children are dehumanized &amp; killed hence they've no future in contraption Nigeria.Does Buhari think of children whom he rendered orphans? They've continued to exterminate them. No future 4 them,0,0,0,,,31,979430594546368513,2018-03-29 18:50:25
kkp4real,"@APCNigeria Who's Tinubu to tell us what to do, in this 21st century. If we decide not to accept PDP, are we going to continue with the killing spree under Buhari or his incompetent way of handling d affairs of the country. If APC want us to listen, they should present a competent candidate",0,1,0,"Media consulting, Corporate Branding, Reporter/Correspondence, Events Manager etc.","lagos, nigeria",180,979430137237192704,2018-03-29 18:48:36
NTANewsNow,"Easter Message: President Buhari Calls on Politicians, Stakeholders to Work for Peace https://t.co/y1ygbpdZsB https://t.co/VPClpBdo5w",1,3,2,Official Twitter Account of the Nigerian Television Authority (NTA) - Africa's Largest TV Network.,"Abuja, Nigeria",545746,979429690778832898,2018-03-29 18:46:49
Whoeppdotcom,I've just posted a new blog: Aisha Buhari Condemns foreign medical treatment despite son and husband having such https://t.co/Bogv2lIwaZ https://t.co/Bogv2lIwaZ,0,0,0,Register on https://t.co/sXfA2hX9LQ || Entertainment Social Network,Nigeria,268,979429169607004160,2018-03-29 18:44:45
DeeOneAyekooto,"Buhari visits Lagos, kicks off $1.5b deep seaport today..............

https://t.co/6rBDGCWFVy",0,4,6,TRUTH is the way.,Abuja,9021,979428630714572801,2018-03-29 18:42:37
eze_jazzy,@renoomokri Jagaban is starting to find his voice since Buhari cancelled tenure elongation of Oyegun. I hope he will not be use and dump again come 2019,1,0,0,"Loyalty is a two way street. If am asking for it from you, then you're getting it from me",Winterfell,4,979428165570514944,2018-03-29 18:40:46
OgunpaimoTywoh,"Buhari came to commission bus park in Lagos today
Roads blocked
Rain fell
A strange bird in my compound
Generator nearly caught fire
Buhari is evil‚òª‚òª",1,2,0,Digital Marketing Executive |‚Ä¢ Copywriter |‚Ä¢ Social Media Strategist |‚Ä¢ IG „Äã @izzmhi_tywoh,"Lagos, Nigeria",3484,979427577084473346,2018-03-29 18:38:25
TheNewDiplomat1,Buhari Flags Off Lekki Deep Seaport¬†Project https://t.co/LLwwy2vkE3,1,0,0,"We Break the news on Politics, Business, Entertainment, foreign relations etc, the Diplomatic style. We mirror the ever changing world to global audience.",Nigeria,8961,979427214151372801,2018-03-29 18:36:59
nairaland,"""Stop Playing God, You Admitted Buhari &amp; APC Have Failed"" - PDP Slams Tinubu https://t.co/nyBD2axwGN",0,1,1,Africa's largest discussion forum and Nigeria's most popular website.,Nigeria,286798,979426835531366400,2018-03-29 18:35:29
naijanewspaper,"Don't  allow yourself be used a second time, you admitted Buhari, APC have failed ‚Äì PDP fires back at Tinubu https://t.co/4qUxdzcmVX https://t.co/BS8jSX3Jwl",0,0,0,"All Nigeria Newspapers | Latest News | Hot News | Gossip | Entertainments  
ALL NIGERIAN NEWSPAPERS IN ONE PACK","Lekki, Nigeria",289,979426325424492546,2018-03-29 18:33:27
spencerchibuzor,Lady arrested while trying to use A pedestrian bridge shut down because of president Buhari (Photos) https://t.co/NkR4pVHjjk,0,0,0,"Event consultant, Motivational Speaker; your value would make you outstanding so discovers yours today.",Africa,107,979425984779780103,2018-03-29 18:32:06
theadvocate_ng,Ohaneze Appeals To President Buhari Over Peace Corps¬†Bill https://t.co/HnkTTKWUcE https://t.co/CAcLnoSOuu,0,0,0,,,135,979425550648446976,2018-03-29 18:30:22
yemitola,The truth is that Buhari came to Lagos for Jagaban's birthday. Nigerians has been sold the dummy again!,0,0,0,I am an incurable optimist about #Nigeria | A staunch supporter of #Arsenal | My tweets are my own personal opinion | Retweets isn't  endorsement | #FreeSpeech,"London, England",350,979425041824788480,2018-03-29 18:28:21
bokusaga,"If in 10 months to elections, there is no credible alternative, selling his/her programmes, then 2019 is a work over for Buhari.",0,0,0,"Bolaji is a strategy and brand devotee with wide experience in the Mass-Media, Marketing, Public Relations and Banking.","Lagos, Nigeria",1402,979424600135274502,2018-03-29 18:26:36
ursyn,"Buhari‚Äôs Communications Minister Adebayo Shittu Owns 12 Luxury Homes, N93m Printing Pres... https://t.co/LTN0Ys1kVl https://t.co/k69PCUSb9B",0,0,0,,,55,979424175210319872,2018-03-29 18:24:54
iLoveEKITI,"Stop Playing God: You Admitted Buhari, APC Have Failed - PDP Slams Tinubu https://t.co/zR6kbbyyNw https://t.co/kDeK7XmDoD",0,0,0,"Bringing you closer to EKITI, we give news, information, announcements, etc , follow us, we follow back! Also LIKE OUR PAGE ON facebook",EKITI,576,979423696283578368,2018-03-29 18:23:00
ms_chyoma,"People are really going to vote for Pres. Buhari again???? üôÜ‚Äç‚ôÄÔ∏è

The ones that even want him to be re-elected are clearly mad.",0,0,0,Media Girl // Social Media Executive // Entrepreneur .....Victories don't come by accident.,"Lagos, Nigeria",1612,979423198893805574,2018-03-29 18:21:02
U_K_kennedy,Come rain come shine am supporting PDP. #Buhari,0,0,0,Follow my business page on Instagram @Boyfriend_no1_ #ManchesterUnited. #fiftyshadesofgray/darker. No one ever made a difference by being like everyone else.,Nigeria. ,3192,979422870634926081,2018-03-29 18:19:43
farooqkperogi,"Of the last 5 years, Buhari was president for 3 years and Jonathan for 2 years. Corruption Of Previous Five Years Destroyed Nigeria‚Äôs Economy ‚Äì Osinbajo ‚Ä¢ Channels Television https://t.co/z8TSo0LN2h",0,6,7,"Associate Professor of Journalism & Emerging Media @KennesawState University, @Daily_Trust columnist, author of Glocal English, blogger, & new media enthusiast","Atlanta, GA",11079,979422379565895681,2018-03-29 18:17:46
aljazirahnig,Lagosians Decry High Transport Fare As Buhari Visits Lagos: There was an astronomical increase in transport fare around major parts of Lagos metropolis Thursday ahead of President Muhammadu Buhari‚Äôs visit to the state. A reporter who moved around the The‚Ä¶ https://t.co/JXsgnowG6Y https://t.co/MoX4ItaRuo,0,0,0,"This is the official Twitter Handle of Aljazirah Nigeria Newspapers, the first in breaking the news around the world","Federal Capital Territory, Nig",14662,979421953323757568,2018-03-29 18:16:05
NaijaCelebrity_,"Journalists banned as President Buhari commissions Ikeja Bus Terminal: President Muhammadu Buhari, who currently on a 2-day visit to Lagos State, has commissioned the Ikeja Bus Terminal. Journalists were reportedly been banned from covering the‚Ä¶ https://t.co/qC96XfoCpK https://t.co/sw8YqpS6FP",0,0,0,,Nigeria,1839,979421433528020993,2018-03-29 18:14:01
AON_dofa,"This comparison is so flawed...

Billgate, Dangote to Buhari??? 

What exactly associates then together? https://t.co/DiatnjvxMa",0,0,0,"I love Christ. Patriotic and Proud Nigerian; Pro Good Governance. Problem solver & Project Manager.  Major Interests in: Sports, Politics, Economics & Aviation.","Abuja, Nigeria",1148,979420864738463745,2018-03-29 18:11:45
celestreet1,"Lady arrested while using a #bridge shut down because of #MuhammaduBuhari #LagosState
https://t.co/0bjVSQRpZY",0,0,0,"Celestreet! Home of all the latest news in Nigeria; get all the latest news in just a glance.
  Subscribe with us now!",Nigeria,517,979420354933293057,2018-03-29 18:09:44
Velox_News,Peace Corps: Why Buhari should assent to bill ‚Äì Ohanaeze¬†youths https://t.co/BnR2kNYBRG https://t.co/AKDoptHNE9,1,0,0,Nigeria Breaking News on the Go!,Nigeria,570,979419903584358406,2018-03-29 18:07:56
kayfem10,"@Broda_Gokay I tell you my brother, he fuck up big time. APC of all parties! Besides sef, how he won take win the ticket from Buhari. No! d guy disappoint many Naija youths big time, he fall he hand!",0,0,1,Nice&down to earth person. I love being myself&hate pretence intensely. B.Sc(ed) in Political Science.Web designer @Manutd.Kayodewilliam26@gmail,Akure,2252,979418798175457280,2018-03-29 18:03:32